{"":{"9122037229":{"18-07-22":[{"Number":"9122037229","Site":"EMBARK","Device":"NODEVICE","Date":"18-07-22","Time":"11:54:26","Status":"ASTR","COND uSm":"0001","FR1 m3\/hr":"0.732","VOL1 m3":"000025.8","FR2 m3\/hr":"43.92","VOL2 m3":"000556.7","LVL1 m":"05.00","LVL2":"LPBR","V1":"OFF","V2":"OFF"},{"Number":"9122037229","Site":"EMBARK","Device":"NODEVICE","Date":"18-07-22","Time":"11:51:31","Status":"ASTR","COND uSm":"0001","FR1 m3\/hr":"0.732","VOL1 m3":"000025.8","FR2 m3\/hr":"43.92","VOL2 m3":"000554.5","LVL1 m":"05.00","LVL2":"LPBR","V1":"OFF","V2":"OFF"},{"Number":"9122037229","Site":"EMBARK","Device":"NODEVICE","Date":"18-07-22","Time":"11:48:26","Status":"ASTR","COND uSm":"0000","FR1 m3\/hr":"0.732","VOL1 m3":"000025.8","FR2 m3\/hr":"43.92","VOL2 m3":"000552.3","LVL1 m":"05.00","LVL2":"LPBR","V1":"OFF","V2":"OFF"},{"Number":"9122037229","Site":"EMBARK","Device":"NODEVICE","Date":"18-07-22","Time":"11:45:26","Status":"ASTR","COND uSm":"0000","FR1 m3\/hr":"0.732","VOL1 m3":"000025.7","FR2 m3\/hr":"43.92","VOL2 m3":"000550.0","LVL1 m":"05.00","LVL2":"LPBR","V1":"OFF","V2":"OFF"},{"Number":"9122037229","Site":"EMBARK","Device":"NODEVICE","Date":"18-07-22","Time":"11:42:25","Status":"ASTR","COND uSm":"0001","FR1 m3\/hr":"0.732","VOL1 m3":"000025.7","FR2 m3\/hr":"43.92","VOL2 m3":"000547.8","LVL1 m":"05.00","LVL2":"LPBR","V1":"OFF","V2":"OFF"},{"Number":"9122037229","Site":"EMBARK","Device":"NODEVICE","Date":"18-07-22","Time":"11:39:25","Status":"ASTR","COND uSm":"0001","FR1 m3\/hr":"0.732","VOL1 m3":"000025.7","FR2 m3\/hr":"43.92","VOL2 m3":"000545.5","LVL1 m":"05.00","LVL2":"LPBR","V1":"OFF","V2":"OFF"},{"Number":"9122037229","Site":"EMBARK","Device":"NODEVICE","Date":"18-07-22","Time":"11:36:25","Status":"ASTR","COND uSm":"0001","FR1 m3\/hr":"0.732","VOL1 m3":"000025.6","FR2 m3\/hr":"43.92","VOL2 m3":"000543.3","LVL1 m":"05.00","LVL2":"LPBR","V1":"OFF","V2":"OFF"},{"Number":"9122037229","Site":"EMBARK","Device":"NODEVICE","Date":"18-07-22","Time":"11:33:25","Status":"ASTR","COND uSm":"0001","FR1 m3\/hr":"0.732","VOL1 m3":"000025.6","FR2 m3\/hr":"43.92","VOL2 m3":"000541.1","LVL1 m":"05.00","LVL2":"LPBR","V1":"OFF","V2":"OFF"},{"Number":"9122037229","Site":"EMBARK","Device":"NODEVICE","Date":"18-07-22","Time":"11:30:25","Status":"ASTR","COND uSm":"0000","FR1 m3\/hr":"0.732","VOL1 m3":"000025.5","FR2 m3\/hr":"43.92","VOL2 m3":"000538.8","LVL1 m":"05.01","LVL2":"LPBR","V1":"OFF","V2":"OFF"},{"Number":"9122037229","Site":"EMBARK","Device":"NODEVICE","Date":"18-07-22","Time":"11:27:25","Status":"ASTR","COND uSm":"0000","FR1 m3\/hr":"0.732","VOL1 m3":"000025.5","FR2 m3\/hr":"43.92","VOL2 m3":"000536.6","LVL1 m":"05.01","LVL2":"LPBR","V1":"OFF","V2":"OFF"},{"Number":"9122037229","Site":"EMBARK","Device":"NODEVICE","Date":"18-07-22","Time":"11:24:27","Status":"ASTR","COND uSm":"0000","FR1 m3\/hr":"0.732","VOL1 m3":"000025.5","FR2 m3\/hr":"43.92","VOL2 m3":"000534.4","LVL1 m":"05.00","LVL2":"LPBR","V1":"OFF","V2":"OFF"},{"Number":"9122037229","Site":"EMBARK","Device":"NODEVICE","Date":"18-07-22","Time":"11:21:25","Status":"ASTR","COND uSm":"0001","FR1 m3\/hr":"0.732","VOL1 m3":"000025.4","FR2 m3\/hr":"43.92","VOL2 m3":"000532.1","LVL1 m":"05.00","LVL2":"LPBR","V1":"OFF","V2":"OFF"},{"Number":"9122037229","Site":"EMBARK","Device":"NODEVICE","Date":"18-07-22","Time":"11:18:26","Status":"ASTR","COND uSm":"0001","FR1 m3\/hr":"0.732","VOL1 m3":"000025.4","FR2 m3\/hr":"43.92","VOL2 m3":"000529.9","LVL1 m":"05.01","LVL2":"LPBR","V1":"OFF","V2":"OFF"},{"Number":"9122037229","Site":"EMBARK","Device":"NODEVICE","Date":"18-07-22","Time":"11:15:24","Status":"ASTR","COND uSm":"0000","FR1 m3\/hr":"0.732","VOL1 m3":"000025.4","FR2 m3\/hr":"43.92","VOL2 m3":"000527.6","LVL1 m":"05.01","LVL2":"LPBR","V1":"OFF","V2":"OFF"},{"Number":"9122037229","Site":"EMBARK","Device":"NODEVICE","Date":"18-07-22","Time":"11:12:29","Status":"ASTR","COND uSm":"0001","FR1 m3\/hr":"0.732","VOL1 m3":"000025.3","FR2 m3\/hr":"43.92","VOL2 m3":"000525.4","LVL1 m":"05.00","LVL2":"LPBR","V1":"OFF","V2":"OFF"},{"Number":"9122037229","Site":"EMBARK","Device":"NODEVICE","Date":"18-07-22","Time":"11:09:27","Status":"ASTR","COND uSm":"0001","FR1 m3\/hr":"0.732","VOL1 m3":"000025.3","FR2 m3\/hr":"43.92","VOL2 m3":"000523.2","LVL1 m":"05.00","LVL2":"LPBR","V1":"OFF","V2":"OFF"},{"Number":"9122037229","Site":"EMBARK","Device":"NODEVICE","Date":"18-07-22","Time":"11:06:25","Status":"ASTR","COND uSm":"0000","FR1 m3\/hr":"0.732","VOL1 m3":"000025.2","FR2 m3\/hr":"43.92","VOL2 m3":"000520.9","LVL1 m":"05.00","LVL2":"LPBR","V1":"OFF","V2":"OFF"},{"Number":"9122037229","Site":"EMBARK","Device":"NODEVICE","Date":"18-07-22","Time":"11:03:26","Status":"ASTR","COND uSm":"0001","FR1 m3\/hr":"0.732","VOL1 m3":"000025.2","FR2 m3\/hr":"43.92","VOL2 m3":"000518.7","LVL1 m":"05.00","LVL2":"LPBR","V1":"OFF","V2":"OFF"},{"Number":"9122037229","Site":"EMBARK","Device":"NODEVICE","Date":"18-07-22","Time":"11:00:25","Status":"ASTR","COND uSm":"0001","FR1 m3\/hr":"0.732","VOL1 m3":"000025.2","FR2 m3\/hr":"43.92","VOL2 m3":"000516.5","LVL1 m":"05.01","LVL2":"LPBR","V1":"OFF","V2":"OFF"},{"Number":"9122037229","Site":"EMBARK","Device":"NODEVICE","Date":"18-07-22","Time":"10:57:26","Status":"ASTR","COND uSm":"0001","FR1 m3\/hr":"0.732","VOL1 m3":"000025.1","FR2 m3\/hr":"43.92","VOL2 m3":"000514.2","LVL1 m":"05.01","LVL2":"LPBR","V1":"OFF","V2":"OFF"},{"Number":"9122037229","Site":"EMBARK","Device":"NODEVICE","Date":"18-07-22","Time":"10:54:50","Status":"ASTR","COND uSm":"0001","FR1 m3\/hr":"0.732","VOL1 m3":"000025.1","FR2 m3\/hr":"43.92","VOL2 m3":"000512.3","LVL1 m":"04.99","LVL2":"LPBR","V1":"OFF","V2":"OFF"},{"Number":"9122037229","Site":"EMBARK","Device":"NODEVICE","Date":"18-07-22","Time":"10:54:43","Status":"ASTR","COND uSm":"0001","FR1 m3\/hr":"0.732","VOL1 m3":"000025.1","FR2 m3\/hr":"43.92","VOL2 m3":"000512.1","LVL1 m":"05.00","LVL2":"LPBR","V1":"OFF","V2":"OFF"}],"15-07-22":[{"Number":"9122037229","Site":"EMBARK","Device":"NODEVICE","Date":"15-07-22","Time":"17:25:58","Status":"ASTR","COND uSm":"0000","FR1 m3\/hr":"0.732","VOL1 m3":"000025.1","FR2 m3\/hr":"43.92","VOL2 m3":"000510.9","LVL1 m":"05.00","LVL2":"LPBR","V1":"OFF","V2":"OFF"},{"Number":"9122037229","Site":"EMBARK","Device":"NODEVICE","Date":"15-07-22","Time":"17:22:55","Status":"ASTR","COND uSm":"0001","FR1 m3\/hr":"0.732","VOL1 m3":"000025.1","FR2 m3\/hr":"43.92","VOL2 m3":"000508.6","LVL1 m":"05.00","LVL2":"LPBR","V1":"OFF","V2":"OFF"},{"Number":"9122037229","Site":"EMBARK","Device":"NODEVICE","Date":"15-07-22","Time":"17:20:02","Status":"ASTR","COND uSm":"0001","FR1 m3\/hr":"0.732","VOL1 m3":"000025.0","FR2 m3\/hr":"43.92","VOL2 m3":"000506.4","LVL1 m":"04.99","LVL2":"LPBR","V1":"OFF","V2":"OFF"},{"Number":"9122037229","Site":"EMBARK","Device":"NODEVICE","Date":"15-07-22","Time":"17:16:57","Status":"ASTR","COND uSm":"0001","FR1 m3\/hr":"0.732","VOL1 m3":"000025.0","FR2 m3\/hr":"43.92","VOL2 m3":"000504.1","LVL1 m":"05.00","LVL2":"LPBR","V1":"OFF","V2":"OFF"},{"Number":"9122037229","Site":"EMBARK","Device":"NODEVICE","Date":"15-07-22","Time":"17:14:02","Status":"ASTR","COND uSm":"0001","FR1 m3\/hr":"0.732","VOL1 m3":"000025.0","FR2 m3\/hr":"43.92","VOL2 m3":"000501.9","LVL1 m":"05.00","LVL2":"LPBR","V1":"OFF","V2":"OFF"},{"Number":"9122037229","Site":"EMBARK","Device":"NODEVICE","Date":"15-07-22","Time":"17:10:57","Status":"ASTR","COND uSm":"0001","FR1 m3\/hr":"0.732","VOL1 m3":"000024.9","FR2 m3\/hr":"43.92","VOL2 m3":"000499.7","LVL1 m":"04.99","LVL2":"LPBR","V1":"OFF","V2":"OFF"},{"Number":"9122037229","Site":"EMBARK","Device":"NODEVICE","Date":"15-07-22","Time":"17:07:57","Status":"ASTR","COND uSm":"0000","FR1 m3\/hr":"0.732","VOL1 m3":"000024.9","FR2 m3\/hr":"43.92","VOL2 m3":"000497.4","LVL1 m":"05.00","LVL2":"LPBR","V1":"OFF","V2":"OFF"},{"Number":"9122037229","Site":"EMBARK","Device":"NODEVICE","Date":"15-07-22","Time":"17:04:56","Status":"ASTR","COND uSm":"0000","FR1 m3\/hr":"0.732","VOL1 m3":"000024.9","FR2 m3\/hr":"43.92","VOL2 m3":"000495.2","LVL1 m":"05.01","LVL2":"LPBR","V1":"OFF","V2":"OFF"},{"Number":"9122037229","Site":"EMBARK","Device":"NODEVICE","Date":"15-07-22","Time":"17:01:55","Status":"ASTR","COND uSm":"0000","FR1 m3\/hr":"0.732","VOL1 m3":"000024.8","FR2 m3\/hr":"43.92","VOL2 m3":"000492.9","LVL1 m":"05.00","LVL2":"LPBR","V1":"OFF","V2":"OFF"},{"Number":"9122037229","Site":"EMBARK","Device":"NODEVICE","Date":"15-07-22","Time":"16:58:56","Status":"ASTR","COND uSm":"0001","FR1 m3\/hr":"0.732","VOL1 m3":"000024.8","FR2 m3\/hr":"43.92","VOL2 m3":"000490.7","LVL1 m":"05.01","LVL2":"LPBR","V1":"OFF","V2":"OFF"},{"Number":"9122037229","Site":"EMBARK","Device":"NODEVICE","Date":"15-07-22","Time":"16:55:56","Status":"ASTR","COND uSm":"0000","FR1 m3\/hr":"0.732","VOL1 m3":"000024.7","FR2 m3\/hr":"43.92","VOL2 m3":"000488.5","LVL1 m":"05.01","LVL2":"LPBR","V1":"OFF","V2":"OFF"},{"Number":"9122037229","Site":"EMBARK","Device":"NODEVICE","Date":"15-07-22","Time":"16:52:58","Status":"ASTR","COND uSm":"0000","FR1 m3\/hr":"0.732","VOL1 m3":"000024.7","FR2 m3\/hr":"43.92","VOL2 m3":"000486.2","LVL1 m":"04.99","LVL2":"LPBR","V1":"OFF","V2":"OFF"},{"Number":"9122037229","Site":"EMBARK","Device":"NODEVICE","Date":"15-07-22","Time":"16:49:58","Status":"ASTR","COND uSm":"0001","FR1 m3\/hr":"0.732","VOL1 m3":"000024.7","FR2 m3\/hr":"43.92","VOL2 m3":"000484.0","LVL1 m":"05.00","LVL2":"LPBR","V1":"OFF","V2":"OFF"},{"Number":"9122037229","Site":"EMBARK","Device":"NODEVICE","Date":"15-07-22","Time":"16:46:56","Status":"ASTR","COND uSm":"0000","FR1 m3\/hr":"0.732","VOL1 m3":"000024.6","FR2 m3\/hr":"43.92","VOL2 m3":"000481.7","LVL1 m":"05.00","LVL2":"LPBR","V1":"OFF","V2":"OFF"},{"Number":"9122037229","Site":"EMBARK","Device":"NODEVICE","Date":"15-07-22","Time":"16:43:56","Status":"ASTR","COND uSm":"0000","FR1 m3\/hr":"0.732","VOL1 m3":"000024.6","FR2 m3\/hr":"43.92","VOL2 m3":"000479.5","LVL1 m":"05.00","LVL2":"LPBR","V1":"OFF","V2":"OFF"},{"Number":"9122037229","Site":"EMBARK","Device":"NODEVICE","Date":"15-07-22","Time":"16:40:56","Status":"ASTR","COND uSm":"0001","FR1 m3\/hr":"0.732","VOL1 m3":"000024.6","FR2 m3\/hr":"43.92","VOL2 m3":"000477.3","LVL1 m":"05.00","LVL2":"LPBR","V1":"OFF","V2":"OFF"},{"Number":"9122037229","Site":"EMBARK","Device":"NODEVICE","Date":"15-07-22","Time":"16:37:55","Status":"ASTR","COND uSm":"0001","FR1 m3\/hr":"0.732","VOL1 m3":"000024.5","FR2 m3\/hr":"43.92","VOL2 m3":"000475.0","LVL1 m":"05.01","LVL2":"LPBR","V1":"OFF","V2":"OFF"},{"Number":"9122037229","Site":"EMBARK","Device":"NODEVICE","Date":"15-07-22","Time":"16:34:56","Status":"ASTR","COND uSm":"0000","FR1 m3\/hr":"0.732","VOL1 m3":"000024.5","FR2 m3\/hr":"43.92","VOL2 m3":"000472.8","LVL1 m":"05.01","LVL2":"LPBR","V1":"OFF","V2":"OFF"},{"Number":"9122037229","Site":"EMBARK","Device":"NODEVICE","Date":"15-07-22","Time":"16:31:56","Status":"ASTR","COND uSm":"0001","FR1 m3\/hr":"0.732","VOL1 m3":"000024.4","FR2 m3\/hr":"43.92","VOL2 m3":"000470.5","LVL1 m":"05.00","LVL2":"LPBR","V1":"OFF","V2":"OFF"},{"Number":"9122037229","Site":"EMBARK","Device":"NODEVICE","Date":"15-07-22","Time":"16:28:56","Status":"ASTR","COND uSm":"0001","FR1 m3\/hr":"0.732","VOL1 m3":"000024.4","FR2 m3\/hr":"43.92","VOL2 m3":"000468.3","LVL1 m":"05.00","LVL2":"LPBR","V1":"OFF","V2":"OFF"},{"Number":"9122037229","Site":"EMBARK","Device":"NODEVICE","Date":"15-07-22","Time":"16:25:57","Status":"ASTR","COND uSm":"0000","FR1 m3\/hr":"0.732","VOL1 m3":"000024.4","FR2 m3\/hr":"43.92","VOL2 m3":"000466.1","LVL1 m":"04.99","LVL2":"LPBR","V1":"OFF","V2":"OFF"},{"Number":"9122037229","Site":"EMBARK","Device":"NODEVICE","Date":"15-07-22","Time":"16:23:02","Status":"ASTR","COND uSm":"0000","FR1 m3\/hr":"0.732","VOL1 m3":"000024.3","FR2 m3\/hr":"43.92","VOL2 m3":"000463.8","LVL1 m":"04.99","LVL2":"LPBR","V1":"OFF","V2":"OFF"},{"Number":"9122037229","Site":"EMBARK","Device":"NODEVICE","Date":"15-07-22","Time":"16:19:56","Status":"ASTR","COND uSm":"0001","FR1 m3\/hr":"0.732","VOL1 m3":"000024.3","FR2 m3\/hr":"43.92","VOL2 m3":"000461.6","LVL1 m":"05.01","LVL2":"LPBR","V1":"OFF","V2":"OFF"},{"Number":"9122037229","Site":"EMBARK","Device":"NODEVICE","Date":"15-07-22","Time":"16:16:58","Status":"ASTR","COND uSm":"0001","FR1 m3\/hr":"0.732","VOL1 m3":"000024.3","FR2 m3\/hr":"43.92","VOL2 m3":"000459.3","LVL1 m":"05.01","LVL2":"LPBR","V1":"OFF","V2":"OFF"},{"Number":"9122037229","Site":"EMBARK","Device":"NODEVICE","Date":"15-07-22","Time":"16:13:55","Status":"ASTR","COND uSm":"0000","FR1 m3\/hr":"0.732","VOL1 m3":"000024.2","FR2 m3\/hr":"43.92","VOL2 m3":"000457.1","LVL1 m":"05.01","LVL2":"LPBR","V1":"OFF","V2":"OFF"},{"Number":"9122037229","Site":"EMBARK","Device":"NODEVICE","Date":"15-07-22","Time":"16:10:56","Status":"ASTR","COND uSm":"0001","FR1 m3\/hr":"0.732","VOL1 m3":"000024.2","FR2 m3\/hr":"43.92","VOL2 m3":"000454.9","LVL1 m":"05.00","LVL2":"LPBR","V1":"OFF","V2":"OFF"},{"Number":"9122037229","Site":"EMBARK","Device":"NODEVICE","Date":"15-07-22","Time":"16:07:55","Status":"ASTR","COND uSm":"0000","FR1 m3\/hr":"0.732","VOL1 m3":"000024.1","FR2 m3\/hr":"43.92","VOL2 m3":"000452.6","LVL1 m":"05.01","LVL2":"LPBR","V1":"OFF","V2":"OFF"},{"Number":"9122037229","Site":"EMBARK","Device":"NODEVICE","Date":"15-07-22","Time":"16:05:00","Status":"ASTR","COND uSm":"0001","FR1 m3\/hr":"0.732","VOL1 m3":"000024.1","FR2 m3\/hr":"43.92","VOL2 m3":"000450.4","LVL1 m":"05.00","LVL2":"LPBR","V1":"OFF","V2":"OFF"},{"Number":"9122037229","Site":"EMBARK","Device":"NODEVICE","Date":"15-07-22","Time":"16:01:56","Status":"ASTR","COND uSm":"0000","FR1 m3\/hr":"0.732","VOL1 m3":"000024.1","FR2 m3\/hr":"43.92","VOL2 m3":"000448.1","LVL1 m":"05.01","LVL2":"LPBR","V1":"OFF","V2":"OFF"},{"Number":"9122037229","Site":"EMBARK","Device":"NODEVICE","Date":"15-07-22","Time":"15:58:56","Status":"ASTR","COND uSm":"0000","FR1 m3\/hr":"0.732","VOL1 m3":"000024.0","FR2 m3\/hr":"43.92","VOL2 m3":"000445.9","LVL1 m":"05.00","LVL2":"LPBR","V1":"OFF","V2":"OFF"},{"Number":"9122037229","Site":"EMBARK","Device":"NODEVICE","Date":"15-07-22","Time":"15:55:56","Status":"ASTR","COND uSm":"0000","FR1 m3\/hr":"0.732","VOL1 m3":"000024.0","FR2 m3\/hr":"43.92","VOL2 m3":"000443.7","LVL1 m":"05.01","LVL2":"LPBR","V1":"OFF","V2":"OFF"},{"Number":"9122037229","Site":"EMBARK","Device":"NODEVICE","Date":"15-07-22","Time":"15:52:56","Status":"ASTR","COND uSm":"0001","FR1 m3\/hr":"0.732","VOL1 m3":"000024.0","FR2 m3\/hr":"43.92","VOL2 m3":"000441.4","LVL1 m":"05.00","LVL2":"LPBR","V1":"OFF","V2":"OFF"},{"Number":"9122037229","Site":"EMBARK","Device":"NODEVICE","Date":"15-07-22","Time":"15:49:56","Status":"ASTR","COND uSm":"0001","FR1 m3\/hr":"0.732","VOL1 m3":"000023.9","FR2 m3\/hr":"43.92","VOL2 m3":"000439.2","LVL1 m":"05.00","LVL2":"LPBR","V1":"OFF","V2":"OFF"},{"Number":"9122037229","Site":"EMBARK","Device":"NODEVICE","Date":"15-07-22","Time":"15:46:56","Status":"ASTR","COND uSm":"0001","FR1 m3\/hr":"0.732","VOL1 m3":"000023.9","FR2 m3\/hr":"43.92","VOL2 m3":"000436.9","LVL1 m":"05.00","LVL2":"LPBR","V1":"OFF","V2":"OFF"},{"Number":"9122037229","Site":"EMBARK","Device":"NODEVICE","Date":"15-07-22","Time":"15:43:56","Status":"ASTR","COND uSm":"0001","FR1 m3\/hr":"0.732","VOL1 m3":"000023.8","FR2 m3\/hr":"43.92","VOL2 m3":"000434.7","LVL1 m":"05.00","LVL2":"LPBR","V1":"OFF","V2":"OFF"},{"Number":"9122037229","Site":"EMBARK","Device":"NODEVICE","Date":"15-07-22","Time":"15:41:02","Status":"ASTR","COND uSm":"0001","FR1 m3\/hr":"0.732","VOL1 m3":"000023.8","FR2 m3\/hr":"43.92","VOL2 m3":"000432.5","LVL1 m":"05.00","LVL2":"LPBR","V1":"OFF","V2":"OFF"},{"Number":"9122037229","Site":"EMBARK","Device":"NODEVICE","Date":"15-07-22","Time":"15:37:56","Status":"ASTR","COND uSm":"0001","FR1 m3\/hr":"0.732","VOL1 m3":"000023.8","FR2 m3\/hr":"43.92","VOL2 m3":"000430.2","LVL1 m":"05.01","LVL2":"LPBR","V1":"OFF","V2":"OFF"},{"Number":"9122037229","Site":"EMBARK","Device":"NODEVICE","Date":"15-07-22","Time":"15:34:56","Status":"ASTR","COND uSm":"0000","FR1 m3\/hr":"0.732","VOL1 m3":"000023.7","FR2 m3\/hr":"43.92","VOL2 m3":"000428.0","LVL1 m":"05.01","LVL2":"LPBR","V1":"OFF","V2":"OFF"},{"Number":"9122037229","Site":"EMBARK","Device":"NODEVICE","Date":"15-07-22","Time":"15:31:56","Status":"ASTR","COND uSm":"0000","FR1 m3\/hr":"0.732","VOL1 m3":"000023.7","FR2 m3\/hr":"43.92","VOL2 m3":"000425.7","LVL1 m":"05.00","LVL2":"LPBR","V1":"OFF","V2":"OFF"},{"Number":"9122037229","Site":"EMBARK","Device":"NODEVICE","Date":"15-07-22","Time":"15:28:56","Status":"ASTR","COND uSm":"0000","FR1 m3\/hr":"0.732","VOL1 m3":"000023.7","FR2 m3\/hr":"43.92","VOL2 m3":"000423.5","LVL1 m":"05.00","LVL2":"LPBR","V1":"OFF","V2":"OFF"},{"Number":"9122037229","Site":"EMBARK","Device":"NODEVICE","Date":"15-07-22","Time":"15:25:56","Status":"ASTR","COND uSm":"0000","FR1 m3\/hr":"0.732","VOL1 m3":"000023.6","FR2 m3\/hr":"43.92","VOL2 m3":"000421.3","LVL1 m":"05.00","LVL2":"LPBR","V1":"OFF","V2":"OFF"},{"Number":"9122037229","Site":"EMBARK","Device":"NODEVICE","Date":"15-07-22","Time":"15:22:56","Status":"ASTR","COND uSm":"0001","FR1 m3\/hr":"0.732","VOL1 m3":"000023.6","FR2 m3\/hr":"43.92","VOL2 m3":"000419.0","LVL1 m":"05.00","LVL2":"LPBR","V1":"OFF","V2":"OFF"},{"Number":"9122037229","Site":"EMBARK","Device":"NODEVICE","Date":"15-07-22","Time":"15:19:59","Status":"ASTR","COND uSm":"0001","FR1 m3\/hr":"0.732","VOL1 m3":"000023.5","FR2 m3\/hr":"43.92","VOL2 m3":"000416.8","LVL1 m":"05.00","LVL2":"LPBR","V1":"OFF","V2":"OFF"},{"Number":"9122037229","Site":"EMBARK","Device":"NODEVICE","Date":"15-07-22","Time":"15:16:59","Status":"ASTR","COND uSm":"0000","FR1 m3\/hr":"0.732","VOL1 m3":"000023.5","FR2 m3\/hr":"43.92","VOL2 m3":"000414.5","LVL1 m":"05.00","LVL2":"LPBR","V1":"OFF","V2":"OFF"},{"Number":"9122037229","Site":"EMBARK","Device":"NODEVICE","Date":"15-07-22","Time":"15:13:56","Status":"ASTR","COND uSm":"0001","FR1 m3\/hr":"0.732","VOL1 m3":"000023.5","FR2 m3\/hr":"43.92","VOL2 m3":"000412.3","LVL1 m":"05.00","LVL2":"LPBR","V1":"OFF","V2":"OFF"},{"Number":"9122037229","Site":"EMBARK","Device":"NODEVICE","Date":"15-07-22","Time":"15:10:58","Status":"ASTR","COND uSm":"0001","FR1 m3\/hr":"0.732","VOL1 m3":"000023.4","FR2 m3\/hr":"43.92","VOL2 m3":"000410.1","LVL1 m":"05.00","LVL2":"LPBR","V1":"OFF","V2":"OFF"},{"Number":"9122037229","Site":"EMBARK","Device":"NODEVICE","Date":"15-07-22","Time":"15:08:01","Status":"ASTR","COND uSm":"0001","FR1 m3\/hr":"0.732","VOL1 m3":"000023.4","FR2 m3\/hr":"43.92","VOL2 m3":"000407.8","LVL1 m":"05.00","LVL2":"LPBR","V1":"OFF","V2":"OFF"},{"Number":"9122037229","Site":"EMBARK","Device":"NODEVICE","Date":"15-07-22","Time":"15:04:56","Status":"ASTR","COND uSm":"0000","FR1 m3\/hr":"0.732","VOL1 m3":"000023.4","FR2 m3\/hr":"43.92","VOL2 m3":"000405.6","LVL1 m":"05.00","LVL2":"LPBR","V1":"OFF","V2":"OFF"},{"Number":"9122037229","Site":"EMBARK","Device":"NODEVICE","Date":"15-07-22","Time":"15:01:58","Status":"ASTR","COND uSm":"0001","FR1 m3\/hr":"0.732","VOL1 m3":"000023.3","FR2 m3\/hr":"43.92","VOL2 m3":"000403.3","LVL1 m":"05.00","LVL2":"LPBR","V1":"OFF","V2":"OFF"},{"Number":"9122037229","Site":"EMBARK","Device":"NODEVICE","Date":"15-07-22","Time":"14:58:56","Status":"ASTR","COND uSm":"0000","FR1 m3\/hr":"0.732","VOL1 m3":"000023.3","FR2 m3\/hr":"43.92","VOL2 m3":"000401.1","LVL1 m":"05.00","LVL2":"LPBR","V1":"OFF","V2":"OFF"},{"Number":"9122037229","Site":"EMBARK","Device":"NODEVICE","Date":"15-07-22","Time":"14:55:56","Status":"ASTR","COND uSm":"0001","FR1 m3\/hr":"0.732","VOL1 m3":"000023.2","FR2 m3\/hr":"43.92","VOL2 m3":"000398.9","LVL1 m":"05.00","LVL2":"LPBR","V1":"OFF","V2":"OFF"},{"Number":"9122037229","Site":"EMBARK","Device":"NODEVICE","Date":"15-07-22","Time":"14:52:58","Status":"ASTR","COND uSm":"0001","FR1 m3\/hr":"0.732","VOL1 m3":"000023.2","FR2 m3\/hr":"43.92","VOL2 m3":"000396.6","LVL1 m":"05.00","LVL2":"LPBR","V1":"OFF","V2":"OFF"},{"Number":"9122037229","Site":"EMBARK","Device":"NODEVICE","Date":"15-07-22","Time":"14:49:57","Status":"ASTR","COND uSm":"0001","FR1 m3\/hr":"0.732","VOL1 m3":"000023.2","FR2 m3\/hr":"43.92","VOL2 m3":"000394.4","LVL1 m":"04.99","LVL2":"LPBR","V1":"OFF","V2":"OFF"},{"Number":"9122037229","Site":"EMBARK","Device":"NODEVICE","Date":"15-07-22","Time":"14:46:56","Status":"ASTR","COND uSm":"0001","FR1 m3\/hr":"0.732","VOL1 m3":"000023.1","FR2 m3\/hr":"43.92","VOL2 m3":"000392.1","LVL1 m":"05.01","LVL2":"LPBR","V1":"OFF","V2":"OFF"},{"Number":"9122037229","Site":"EMBARK","Device":"NODEVICE","Date":"15-07-22","Time":"14:44:17","Status":"ASTR","COND uSm":"0001","FR1 m3\/hr":"0.732","VOL1 m3":"000023.1","FR2 m3\/hr":"43.92","VOL2 m3":"000390.1","LVL1 m":"05.00","LVL2":"LPBR","V1":"OFF","V2":"OFF"},{"Number":"9122037229","Site":"EMBARK","Device":"NODEVICE","Date":"15-07-22","Time":"14:44:11","Status":"ASTR","COND uSm":"0001","FR1 m3\/hr":"0.744","VOL1 m3":"000023.1","FR2 m3\/hr":"44.64","VOL2 m3":"000390.0","LVL1 m":"04.98","LVL2":"LPBR","V1":"OFF","V2":"OFF"}],"13-07-22":[{"Number":"9122037229","Site":"EMBARK","Device":"NODEVICE","Date":"13-07-22","Time":"17:55:06","Status":"ASTR","COND uSm":"0000","FR1 m3\/hr":"0.732","VOL1 m3":"000020.5","FR2 m3\/hr":"43.92","VOL2 m3":"000242.9","LVL1 m":"04.99","LVL2":"LPBR","V1":"OFF","V2":"OFF"},{"Number":"9122037229","Site":"EMBARK","Device":"NODEVICE","Date":"13-07-22","Time":"17:52:05","Status":"ASTR","COND uSm":"0001","FR1 m3\/hr":"0.732","VOL1 m3":"000020.5","FR2 m3\/hr":"43.92","VOL2 m3":"000240.7","LVL1 m":"04.99","LVL2":"LPBR","V1":"OFF","V2":"OFF"},{"Number":"9122037229","Site":"EMBARK","Device":"NODEVICE","Date":"13-07-22","Time":"17:49:04","Status":"ASTR","COND uSm":"0001","FR1 m3\/hr":"0.732","VOL1 m3":"000020.5","FR2 m3\/hr":"43.92","VOL2 m3":"000238.4","LVL1 m":"05.00","LVL2":"LPBR","V1":"OFF","V2":"OFF"},{"Number":"9122037229","Site":"EMBARK","Device":"NODEVICE","Date":"13-07-22","Time":"17:46:04","Status":"ASTR","COND uSm":"0001","FR1 m3\/hr":"0.732","VOL1 m3":"000020.4","FR2 m3\/hr":"43.92","VOL2 m3":"000236.2","LVL1 m":"05.00","LVL2":"LPBR","V1":"OFF","V2":"OFF"},{"Number":"9122037229","Site":"EMBARK","Device":"NODEVICE","Date":"13-07-22","Time":"17:43:04","Status":"ASTR","COND uSm":"0000","FR1 m3\/hr":"0.732","VOL1 m3":"000020.4","FR2 m3\/hr":"43.92","VOL2 m3":"000233.9","LVL1 m":"05.00","LVL2":"LPBR","V1":"OFF","V2":"OFF"},{"Number":"9122037229","Site":"EMBARK","Device":"NODEVICE","Date":"13-07-22","Time":"17:40:06","Status":"ASTR","COND uSm":"0001","FR1 m3\/hr":"0.732","VOL1 m3":"000020.4","FR2 m3\/hr":"43.92","VOL2 m3":"000231.7","LVL1 m":"05.00","LVL2":"LPBR","V1":"OFF","V2":"OFF"},{"Number":"9122037229","Site":"EMBARK","Device":"NODEVICE","Date":"13-07-22","Time":"17:37:04","Status":"ASTR","COND uSm":"0001","FR1 m3\/hr":"0.732","VOL1 m3":"000020.3","FR2 m3\/hr":"43.92","VOL2 m3":"000229.5","LVL1 m":"05.00","LVL2":"LPBR","V1":"OFF","V2":"OFF"},{"Number":"9122037229","Site":"EMBARK","Device":"NODEVICE","Date":"13-07-22","Time":"17:34:49","Status":"ASTR","COND uSm":"0001","FR1 m3\/hr":"0.732","VOL1 m3":"000020.3","FR2 m3\/hr":"43.92","VOL2 m3":"000227.7","LVL1 m":"05.00","LVL2":"LPBR","V1":"OFF","V2":"OFF"},{"Number":"9122037229","Site":"EMBARK","Device":"NODEVICE","Date":"13-07-22","Time":"17:34:12","Status":"ASTR","COND uSm":"0001","FR1 m3\/hr":"0.732","VOL1 m3":"000020.3","FR2 m3\/hr":"43.92","VOL2 m3":"000227.3","LVL1 m":"05.00","LVL2":"LPBR","V1":"OFF","V2":"OFF"},{"Number":"9122037229","Site":"EMBARK","Device":"NODEVICE","Date":"13-07-22","Time":"17:31:04","Status":"ASTR","COND uSm":"0001","FR1 m3\/hr":"0.732","VOL1 m3":"000020.2","FR2 m3\/hr":"43.92","VOL2 m3":"000225.0","LVL1 m":"05.00","LVL2":"LPBR","V1":"OFF","V2":"OFF"},{"Number":"9122037229","Site":"EMBARK","Device":"NODEVICE","Date":"13-07-22","Time":"17:28:06","Status":"ASTR","COND uSm":"0001","FR1 m3\/hr":"0.732","VOL1 m3":"000020.2","FR2 m3\/hr":"43.92","VOL2 m3":"000222.7","LVL1 m":"05.00","LVL2":"LPBR","V1":"OFF","V2":"OFF"},{"Number":"9122037229","Site":"EMBARK","Device":"NODEVICE","Date":"13-07-22","Time":"17:25:04","Status":"ASTR","COND uSm":"0001","FR1 m3\/hr":"0.732","VOL1 m3":"000020.2","FR2 m3\/hr":"43.92","VOL2 m3":"000220.5","LVL1 m":"05.00","LVL2":"LPBR","V1":"OFF","V2":"OFF"},{"Number":"9122037229","Site":"EMBARK","Device":"NODEVICE","Date":"13-07-22","Time":"17:22:07","Status":"ASTR","COND uSm":"0001","FR1 m3\/hr":"0.732","VOL1 m3":"000020.1","FR2 m3\/hr":"43.92","VOL2 m3":"000218.3","LVL1 m":"05.00","LVL2":"LPBR","V1":"OFF","V2":"OFF"},{"Number":"9122037229","Site":"EMBARK","Device":"NODEVICE","Date":"13-07-22","Time":"17:19:04","Status":"ASTR","COND uSm":"0000","FR1 m3\/hr":"0.732","VOL1 m3":"000020.1","FR2 m3\/hr":"43.92","VOL2 m3":"000216.0","LVL1 m":"05.00","LVL2":"LPBR","V1":"OFF","V2":"OFF"},{"Number":"9122037229","Site":"EMBARK","Device":"NODEVICE","Date":"13-07-22","Time":"17:16:04","Status":"ASTR","COND uSm":"0000","FR1 m3\/hr":"0.732","VOL1 m3":"000020.1","FR2 m3\/hr":"43.92","VOL2 m3":"000213.8","LVL1 m":"05.00","LVL2":"LPBR","V1":"OFF","V2":"OFF"},{"Number":"9122037229","Site":"EMBARK","Device":"NODEVICE","Date":"13-07-22","Time":"17:13:05","Status":"ASTR","COND uSm":"0000","FR1 m3\/hr":"0.732","VOL1 m3":"000020.0","FR2 m3\/hr":"43.92","VOL2 m3":"000211.5","LVL1 m":"05.00","LVL2":"LPBR","V1":"OFF","V2":"OFF"},{"Number":"9122037229","Site":"EMBARK","Device":"NODEVICE","Date":"13-07-22","Time":"17:10:06","Status":"ASTR","COND uSm":"0000","FR1 m3\/hr":"0.732","VOL1 m3":"000020.0","FR2 m3\/hr":"43.92","VOL2 m3":"000209.3","LVL1 m":"05.01","LVL2":"LPBR","V1":"OFF","V2":"OFF"},{"Number":"9122037229","Site":"EMBARK","Device":"NODEVICE","Date":"13-07-22","Time":"17:07:04","Status":"ASTR","COND uSm":"0000","FR1 m3\/hr":"0.732","VOL1 m3":"000019.9","FR2 m3\/hr":"43.92","VOL2 m3":"000207.1","LVL1 m":"04.99","LVL2":"LPBR","V1":"OFF","V2":"OFF"},{"Number":"9122037229","Site":"EMBARK","Device":"NODEVICE","Date":"13-07-22","Time":"17:04:05","Status":"ASTR","COND uSm":"0000","FR1 m3\/hr":"0.732","VOL1 m3":"000019.9","FR2 m3\/hr":"43.92","VOL2 m3":"000204.8","LVL1 m":"05.00","LVL2":"LPBR","V1":"OFF","V2":"OFF"},{"Number":"9122037229","Site":"EMBARK","Device":"NODEVICE","Date":"13-07-22","Time":"17:01:05","Status":"ASTR","COND uSm":"0000","FR1 m3\/hr":"0.732","VOL1 m3":"000019.9","FR2 m3\/hr":"43.92","VOL2 m3":"000202.6","LVL1 m":"05.00","LVL2":"LPBR","V1":"OFF","V2":"OFF"},{"Number":"9122037229","Site":"EMBARK","Device":"NODEVICE","Date":"13-07-22","Time":"16:58:05","Status":"ASTR","COND uSm":"0001","FR1 m3\/hr":"0.732","VOL1 m3":"000019.8","FR2 m3\/hr":"43.92","VOL2 m3":"000200.3","LVL1 m":"05.00","LVL2":"LPBR","V1":"OFF","V2":"OFF"},{"Number":"9122037229","Site":"EMBARK","Device":"NODEVICE","Date":"13-07-22","Time":"16:55:04","Status":"ASTR","COND uSm":"0001","FR1 m3\/hr":"0.732","VOL1 m3":"000019.8","FR2 m3\/hr":"43.92","VOL2 m3":"000198.1","LVL1 m":"05.01","LVL2":"LPBR","V1":"OFF","V2":"OFF"},{"Number":"9122037229","Site":"EMBARK","Device":"NODEVICE","Date":"13-07-22","Time":"16:52:05","Status":"ASTR","COND uSm":"0000","FR1 m3\/hr":"0.732","VOL1 m3":"000019.8","FR2 m3\/hr":"43.92","VOL2 m3":"000195.9","LVL1 m":"05.00","LVL2":"LPBR","V1":"OFF","V2":"OFF"},{"Number":"9122037229","Site":"EMBARK","Device":"NODEVICE","Date":"13-07-22","Time":"16:49:05","Status":"ASTR","COND uSm":"0001","FR1 m3\/hr":"0.732","VOL1 m3":"000019.7","FR2 m3\/hr":"43.92","VOL2 m3":"000193.6","LVL1 m":"04.99","LVL2":"LPBR","V1":"OFF","V2":"OFF"},{"Number":"9122037229","Site":"EMBARK","Device":"NODEVICE","Date":"13-07-22","Time":"16:46:04","Status":"ASTR","COND uSm":"0000","FR1 m3\/hr":"0.732","VOL1 m3":"000019.7","FR2 m3\/hr":"43.92","VOL2 m3":"000191.4","LVL1 m":"05.00","LVL2":"LPBR","V1":"OFF","V2":"OFF"},{"Number":"9122037229","Site":"EMBARK","Device":"NODEVICE","Date":"13-07-22","Time":"16:43:05","Status":"ASTR","COND uSm":"0001","FR1 m3\/hr":"0.732","VOL1 m3":"000019.6","FR2 m3\/hr":"43.92","VOL2 m3":"000189.1","LVL1 m":"05.01","LVL2":"LPBR","V1":"OFF","V2":"OFF"},{"Number":"9122037229","Site":"EMBARK","Device":"NODEVICE","Date":"13-07-22","Time":"16:40:05","Status":"ASTR","COND uSm":"0001","FR1 m3\/hr":"0.732","VOL1 m3":"000019.6","FR2 m3\/hr":"43.92","VOL2 m3":"000186.9","LVL1 m":"05.00","LVL2":"LPBR","V1":"OFF","V2":"OFF"},{"Number":"9122037229","Site":"EMBARK","Device":"NODEVICE","Date":"13-07-22","Time":"16:37:06","Status":"ASTR","COND uSm":"0000","FR1 m3\/hr":"0.732","VOL1 m3":"000019.6","FR2 m3\/hr":"43.92","VOL2 m3":"000184.7","LVL1 m":"05.00","LVL2":"LPBR","V1":"OFF","V2":"OFF"},{"Number":"9122037229","Site":"EMBARK","Device":"NODEVICE","Date":"13-07-22","Time":"16:34:04","Status":"ASTR","COND uSm":"0001","FR1 m3\/hr":"0.732","VOL1 m3":"000019.5","FR2 m3\/hr":"43.92","VOL2 m3":"000182.4","LVL1 m":"05.00","LVL2":"LPBR","V1":"OFF","V2":"OFF"},{"Number":"9122037229","Site":"EMBARK","Device":"NODEVICE","Date":"13-07-22","Time":"16:31:04","Status":"ASTR","COND uSm":"0000","FR1 m3\/hr":"0.732","VOL1 m3":"000019.5","FR2 m3\/hr":"43.92","VOL2 m3":"000180.2","LVL1 m":"05.00","LVL2":"LPBR","V1":"OFF","V2":"OFF"},{"Number":"9122037229","Site":"EMBARK","Device":"NODEVICE","Date":"13-07-22","Time":"16:28:04","Status":"ASTR","COND uSm":"0001","FR1 m3\/hr":"0.732","VOL1 m3":"000019.5","FR2 m3\/hr":"43.92","VOL2 m3":"000177.9","LVL1 m":"05.00","LVL2":"LPBR","V1":"OFF","V2":"OFF"},{"Number":"9122037229","Site":"EMBARK","Device":"NODEVICE","Date":"13-07-22","Time":"16:25:05","Status":"ASTR","COND uSm":"0000","FR1 m3\/hr":"0.732","VOL1 m3":"000019.4","FR2 m3\/hr":"43.92","VOL2 m3":"000175.7","LVL1 m":"05.00","LVL2":"LPBR","V1":"OFF","V2":"OFF"},{"Number":"9122037229","Site":"EMBARK","Device":"NODEVICE","Date":"13-07-22","Time":"16:22:04","Status":"ASTR","COND uSm":"0001","FR1 m3\/hr":"0.732","VOL1 m3":"000019.4","FR2 m3\/hr":"43.92","VOL2 m3":"000173.5","LVL1 m":"05.00","LVL2":"LPBR","V1":"OFF","V2":"OFF"},{"Number":"9122037229","Site":"EMBARK","Device":"NODEVICE","Date":"13-07-22","Time":"16:19:04","Status":"ASTR","COND uSm":"0000","FR1 m3\/hr":"0.732","VOL1 m3":"000019.3","FR2 m3\/hr":"43.92","VOL2 m3":"000171.2","LVL1 m":"05.00","LVL2":"LPBR","V1":"OFF","V2":"OFF"},{"Number":"9122037229","Site":"EMBARK","Device":"NODEVICE","Date":"13-07-22","Time":"16:16:08","Status":"ASTR","COND uSm":"0001","FR1 m3\/hr":"0.732","VOL1 m3":"000019.3","FR2 m3\/hr":"43.92","VOL2 m3":"000169.0","LVL1 m":"05.00","LVL2":"LPBR","V1":"OFF","V2":"OFF"},{"Number":"9122037229","Site":"EMBARK","Device":"NODEVICE","Date":"13-07-22","Time":"16:13:04","Status":"ASTR","COND uSm":"0001","FR1 m3\/hr":"0.732","VOL1 m3":"000019.3","FR2 m3\/hr":"43.92","VOL2 m3":"000166.7","LVL1 m":"05.00","LVL2":"LPBR","V1":"OFF","V2":"OFF"},{"Number":"9122037229","Site":"EMBARK","Device":"NODEVICE","Date":"13-07-22","Time":"16:10:05","Status":"ASTR","COND uSm":"0001","FR1 m3\/hr":"0.732","VOL1 m3":"000019.2","FR2 m3\/hr":"43.92","VOL2 m3":"000164.5","LVL1 m":"05.00","LVL2":"LPBR","V1":"OFF","V2":"OFF"},{"Number":"9122037229","Site":"EMBARK","Device":"NODEVICE","Date":"13-07-22","Time":"16:07:05","Status":"ASTR","COND uSm":"0000","FR1 m3\/hr":"0.732","VOL1 m3":"000019.2","FR2 m3\/hr":"43.92","VOL2 m3":"000162.3","LVL1 m":"05.00","LVL2":"LPBR","V1":"OFF","V2":"OFF"},{"Number":"9122037229","Site":"EMBARK","Device":"NODEVICE","Date":"13-07-22","Time":"16:04:04","Status":"ASTR","COND uSm":"0000","FR1 m3\/hr":"0.732","VOL1 m3":"000019.2","FR2 m3\/hr":"43.92","VOL2 m3":"000160.0","LVL1 m":"05.00","LVL2":"LPBR","V1":"OFF","V2":"OFF"},{"Number":"9122037229","Site":"EMBARK","Device":"NODEVICE","Date":"13-07-22","Time":"16:01:05","Status":"ASTR","COND uSm":"0001","FR1 m3\/hr":"0.732","VOL1 m3":"000019.1","FR2 m3\/hr":"43.92","VOL2 m3":"000157.8","LVL1 m":"05.00","LVL2":"LPBR","V1":"OFF","V2":"OFF"},{"Number":"9122037229","Site":"EMBARK","Device":"NODEVICE","Date":"13-07-22","Time":"15:58:06","Status":"ASTR","COND uSm":"0001","FR1 m3\/hr":"0.732","VOL1 m3":"000019.1","FR2 m3\/hr":"43.92","VOL2 m3":"000155.5","LVL1 m":"05.00","LVL2":"LPBR","V1":"OFF","V2":"OFF"},{"Number":"9122037229","Site":"EMBARK","Device":"NODEVICE","Date":"13-07-22","Time":"15:55:04","Status":"ASTR","COND uSm":"0000","FR1 m3\/hr":"0.732","VOL1 m3":"000019.0","FR2 m3\/hr":"43.92","VOL2 m3":"000153.3","LVL1 m":"05.00","LVL2":"LPBR","V1":"OFF","V2":"OFF"},{"Number":"9122037229","Site":"EMBARK","Device":"NODEVICE","Date":"13-07-22","Time":"15:52:04","Status":"ASTR","COND uSm":"0000","FR1 m3\/hr":"0.732","VOL1 m3":"000019.0","FR2 m3\/hr":"43.92","VOL2 m3":"000151.1","LVL1 m":"05.00","LVL2":"LPBR","V1":"OFF","V2":"OFF"},{"Number":"9122037229","Site":"EMBARK","Device":"NODEVICE","Date":"13-07-22","Time":"15:49:06","Status":"ASTR","COND uSm":"0001","FR1 m3\/hr":"0.732","VOL1 m3":"000019.0","FR2 m3\/hr":"43.92","VOL2 m3":"000148.8","LVL1 m":"05.00","LVL2":"LPBR","V1":"OFF","V2":"OFF"},{"Number":"9122037229","Site":"EMBARK","Device":"NODEVICE","Date":"13-07-22","Time":"15:46:05","Status":"ASTR","COND uSm":"0001","FR1 m3\/hr":"0.732","VOL1 m3":"000018.9","FR2 m3\/hr":"43.92","VOL2 m3":"000146.6","LVL1 m":"05.00","LVL2":"LPBR","V1":"OFF","V2":"OFF"},{"Number":"9122037229","Site":"EMBARK","Device":"NODEVICE","Date":"13-07-22","Time":"15:43:05","Status":"ASTR","COND uSm":"0001","FR1 m3\/hr":"0.732","VOL1 m3":"000018.9","FR2 m3\/hr":"43.92","VOL2 m3":"000144.3","LVL1 m":"05.00","LVL2":"LPBR","V1":"OFF","V2":"OFF"},{"Number":"9122037229","Site":"EMBARK","Device":"NODEVICE","Date":"13-07-22","Time":"15:40:04","Status":"ASTR","COND uSm":"0001","FR1 m3\/hr":"0.732","VOL1 m3":"000018.9","FR2 m3\/hr":"43.92","VOL2 m3":"000142.1","LVL1 m":"05.00","LVL2":"LPBR","V1":"OFF","V2":"OFF"},{"Number":"9122037229","Site":"EMBARK","Device":"NODEVICE","Date":"13-07-22","Time":"15:37:04","Status":"ASTR","COND uSm":"0001","FR1 m3\/hr":"0.732","VOL1 m3":"000018.8","FR2 m3\/hr":"43.92","VOL2 m3":"000139.9","LVL1 m":"05.00","LVL2":"LPBR","V1":"OFF","V2":"OFF"},{"Number":"9122037229","Site":"EMBARK","Device":"NODEVICE","Date":"13-07-22","Time":"15:34:04","Status":"ASTR","COND uSm":"0000","FR1 m3\/hr":"0.732","VOL1 m3":"000018.8","FR2 m3\/hr":"43.92","VOL2 m3":"000137.6","LVL1 m":"05.00","LVL2":"LPBR","V1":"OFF","V2":"OFF"},{"Number":"9122037229","Site":"EMBARK","Device":"NODEVICE","Date":"13-07-22","Time":"15:31:05","Status":"ASTR","COND uSm":"0000","FR1 m3\/hr":"0.732","VOL1 m3":"000018.7","FR2 m3\/hr":"43.92","VOL2 m3":"000135.4","LVL1 m":"05.00","LVL2":"LPBR","V1":"OFF","V2":"OFF"},{"Number":"9122037229","Site":"EMBARK","Device":"NODEVICE","Date":"13-07-22","Time":"15:28:09","Status":"ASTR","COND uSm":"0001","FR1 m3\/hr":"0.732","VOL1 m3":"000018.7","FR2 m3\/hr":"43.92","VOL2 m3":"000133.1","LVL1 m":"05.00","LVL2":"LPBR","V1":"OFF","V2":"OFF"},{"Number":"9122037229","Site":"EMBARK","Device":"NODEVICE","Date":"13-07-22","Time":"15:25:04","Status":"ASTR","COND uSm":"0000","FR1 m3\/hr":"0.732","VOL1 m3":"000018.7","FR2 m3\/hr":"43.92","VOL2 m3":"000130.9","LVL1 m":"05.00","LVL2":"LPBR","V1":"OFF","V2":"OFF"},{"Number":"9122037229","Site":"EMBARK","Device":"NODEVICE","Date":"13-07-22","Time":"15:22:06","Status":"ASTR","COND uSm":"0000","FR1 m3\/hr":"0.732","VOL1 m3":"000018.6","FR2 m3\/hr":"43.92","VOL2 m3":"000128.7","LVL1 m":"05.00","LVL2":"LPBR","V1":"OFF","V2":"OFF"},{"Number":"9122037229","Site":"EMBARK","Device":"NODEVICE","Date":"13-07-22","Time":"15:19:04","Status":"ASTR","COND uSm":"0000","FR1 m3\/hr":"0.732","VOL1 m3":"000018.6","FR2 m3\/hr":"43.92","VOL2 m3":"000126.4","LVL1 m":"05.00","LVL2":"LPBR","V1":"OFF","V2":"OFF"},{"Number":"9122037229","Site":"EMBARK","Device":"NODEVICE","Date":"13-07-22","Time":"15:16:04","Status":"ASTR","COND uSm":"0001","FR1 m3\/hr":"0.732","VOL1 m3":"000018.6","FR2 m3\/hr":"43.92","VOL2 m3":"000124.2","LVL1 m":"05.00","LVL2":"LPBR","V1":"OFF","V2":"OFF"},{"Number":"9122037229","Site":"EMBARK","Device":"NODEVICE","Date":"13-07-22","Time":"15:13:10","Status":"ASTR","COND uSm":"0000","FR1 m3\/hr":"0.732","VOL1 m3":"000018.5","FR2 m3\/hr":"43.92","VOL2 m3":"000121.9","LVL1 m":"05.00","LVL2":"LPBR","V1":"OFF","V2":"OFF"},{"Number":"9122037229","Site":"EMBARK","Device":"NODEVICE","Date":"13-07-22","Time":"15:10:04","Status":"ASTR","COND uSm":"0001","FR1 m3\/hr":"0.732","VOL1 m3":"000018.5","FR2 m3\/hr":"43.92","VOL2 m3":"000119.7","LVL1 m":"05.00","LVL2":"LPBR","V1":"OFF","V2":"OFF"},{"Number":"9122037229","Site":"EMBARK","Device":"NODEVICE","Date":"13-07-22","Time":"15:07:05","Status":"ASTR","COND uSm":"0001","FR1 m3\/hr":"0.732","VOL1 m3":"000018.4","FR2 m3\/hr":"43.92","VOL2 m3":"000117.5","LVL1 m":"05.00","LVL2":"LPBR","V1":"OFF","V2":"OFF"},{"Number":"9122037229","Site":"EMBARK","Device":"NODEVICE","Date":"13-07-22","Time":"15:04:05","Status":"ASTR","COND uSm":"0001","FR1 m3\/hr":"0.732","VOL1 m3":"000018.4","FR2 m3\/hr":"43.92","VOL2 m3":"000115.2","LVL1 m":"05.00","LVL2":"LPBR","V1":"OFF","V2":"OFF"},{"Number":"9122037229","Site":"EMBARK","Device":"NODEVICE","Date":"13-07-22","Time":"15:01:05","Status":"ASTR","COND uSm":"0001","FR1 m3\/hr":"0.732","VOL1 m3":"000018.4","FR2 m3\/hr":"43.92","VOL2 m3":"000113.0","LVL1 m":"05.00","LVL2":"LPBR","V1":"OFF","V2":"OFF"},{"Number":"9122037229","Site":"EMBARK","Device":"NODEVICE","Date":"13-07-22","Time":"14:58:05","Status":"ASTR","COND uSm":"0001","FR1 m3\/hr":"0.732","VOL1 m3":"000018.3","FR2 m3\/hr":"43.92","VOL2 m3":"000110.7","LVL1 m":"05.00","LVL2":"LPBR","V1":"OFF","V2":"OFF"},{"Number":"9122037229","Site":"EMBARK","Device":"NODEVICE","Date":"13-07-22","Time":"14:55:05","Status":"ASTR","COND uSm":"0001","FR1 m3\/hr":"0.732","VOL1 m3":"000018.3","FR2 m3\/hr":"43.92","VOL2 m3":"000108.5","LVL1 m":"05.00","LVL2":"LPBR","V1":"OFF","V2":"OFF"},{"Number":"9122037229","Site":"EMBARK","Device":"NODEVICE","Date":"13-07-22","Time":"14:52:04","Status":"ASTR","COND uSm":"0001","FR1 m3\/hr":"0.732","VOL1 m3":"000018.3","FR2 m3\/hr":"43.92","VOL2 m3":"000106.2","LVL1 m":"05.00","LVL2":"LPBR","V1":"OFF","V2":"OFF"},{"Number":"9122037229","Site":"EMBARK","Device":"NODEVICE","Date":"13-07-22","Time":"14:49:05","Status":"ASTR","COND uSm":"0000","FR1 m3\/hr":"0.732","VOL1 m3":"000018.2","FR2 m3\/hr":"43.92","VOL2 m3":"000104.0","LVL1 m":"05.00","LVL2":"LPBR","V1":"OFF","V2":"OFF"},{"Number":"9122037229","Site":"EMBARK","Device":"NODEVICE","Date":"13-07-22","Time":"14:46:07","Status":"ASTR","COND uSm":"0000","FR1 m3\/hr":"0.732","VOL1 m3":"000018.2","FR2 m3\/hr":"43.92","VOL2 m3":"000101.8","LVL1 m":"05.00","LVL2":"LPBR","V1":"OFF","V2":"OFF"},{"Number":"9122037229","Site":"EMBARK","Device":"NODEVICE","Date":"13-07-22","Time":"14:43:05","Status":"ASTR","COND uSm":"0000","FR1 m3\/hr":"0.732","VOL1 m3":"000018.1","FR2 m3\/hr":"43.92","VOL2 m3":"000099.5","LVL1 m":"05.00","LVL2":"LPBR","V1":"OFF","V2":"OFF"},{"Number":"9122037229","Site":"EMBARK","Device":"NODEVICE","Date":"13-07-22","Time":"14:40:06","Status":"ASTR","COND uSm":"0001","FR1 m3\/hr":"0.732","VOL1 m3":"000018.1","FR2 m3\/hr":"43.92","VOL2 m3":"000097.3","LVL1 m":"05.00","LVL2":"LPBR","V1":"OFF","V2":"OFF"},{"Number":"9122037229","Site":"EMBARK","Device":"NODEVICE","Date":"13-07-22","Time":"14:37:06","Status":"ASTR","COND uSm":"0000","FR1 m3\/hr":"0.732","VOL1 m3":"000018.1","FR2 m3\/hr":"43.92","VOL2 m3":"000095.0","LVL1 m":"05.00","LVL2":"LPBR","V1":"OFF","V2":"OFF"},{"Number":"9122037229","Site":"EMBARK","Device":"NODEVICE","Date":"13-07-22","Time":"14:34:05","Status":"ASTR","COND uSm":"0001","FR1 m3\/hr":"0.732","VOL1 m3":"000018.0","FR2 m3\/hr":"43.92","VOL2 m3":"000092.8","LVL1 m":"05.00","LVL2":"LPBR","V1":"OFF","V2":"OFF"},{"Number":"9122037229","Site":"EMBARK","Device":"NODEVICE","Date":"13-07-22","Time":"14:31:07","Status":"ASTR","COND uSm":"0000","FR1 m3\/hr":"0.732","VOL1 m3":"000018.0","FR2 m3\/hr":"43.92","VOL2 m3":"000090.6","LVL1 m":"05.00","LVL2":"LPBR","V1":"OFF","V2":"OFF"},{"Number":"9122037229","Site":"EMBARK","Device":"NODEVICE","Date":"13-07-22","Time":"14:28:08","Status":"ASTR","COND uSm":"0000","FR1 m3\/hr":"0.732","VOL1 m3":"000018.0","FR2 m3\/hr":"43.92","VOL2 m3":"000088.3","LVL1 m":"05.00","LVL2":"LPBR","V1":"OFF","V2":"OFF"},{"Number":"9122037229","Site":"EMBARK","Device":"NODEVICE","Date":"13-07-22","Time":"14:25:05","Status":"ASTR","COND uSm":"0000","FR1 m3\/hr":"0.732","VOL1 m3":"000017.9","FR2 m3\/hr":"43.92","VOL2 m3":"000086.1","LVL1 m":"05.00","LVL2":"LPBR","V1":"OFF","V2":"OFF"},{"Number":"9122037229","Site":"EMBARK","Device":"NODEVICE","Date":"13-07-22","Time":"14:22:05","Status":"ASTR","COND uSm":"0000","FR1 m3\/hr":"0.732","VOL1 m3":"000017.9","FR2 m3\/hr":"43.92","VOL2 m3":"000083.9","LVL1 m":"05.00","LVL2":"LPBR","V1":"OFF","V2":"OFF"},{"Number":"9122037229","Site":"EMBARK","Device":"NODEVICE","Date":"13-07-22","Time":"14:19:06","Status":"ASTR","COND uSm":"0000","FR1 m3\/hr":"0.732","VOL1 m3":"000017.8","FR2 m3\/hr":"43.92","VOL2 m3":"000081.6","LVL1 m":"05.00","LVL2":"LPBR","V1":"OFF","V2":"OFF"},{"Number":"9122037229","Site":"EMBARK","Device":"NODEVICE","Date":"13-07-22","Time":"14:16:06","Status":"ASTR","COND uSm":"0001","FR1 m3\/hr":"0.732","VOL1 m3":"000017.8","FR2 m3\/hr":"43.92","VOL2 m3":"000079.4","LVL1 m":"05.00","LVL2":"LPBR","V1":"OFF","V2":"OFF"},{"Number":"9122037229","Site":"EMBARK","Device":"NODEVICE","Date":"13-07-22","Time":"14:13:05","Status":"ASTR","COND uSm":"0001","FR1 m3\/hr":"0.732","VOL1 m3":"000017.8","FR2 m3\/hr":"43.92","VOL2 m3":"000077.1","LVL1 m":"05.00","LVL2":"LPBR","V1":"OFF","V2":"OFF"},{"Number":"9122037229","Site":"EMBARK","Device":"NODEVICE","Date":"13-07-22","Time":"14:10:04","Status":"ASTR","COND uSm":"0000","FR1 m3\/hr":"0.732","VOL1 m3":"000017.7","FR2 m3\/hr":"43.92","VOL2 m3":"000074.9","LVL1 m":"05.00","LVL2":"LPBR","V1":"OFF","V2":"OFF"},{"Number":"9122037229","Site":"EMBARK","Device":"NODEVICE","Date":"13-07-22","Time":"14:04:05","Status":"ASTR","COND uSm":"0001","FR1 m3\/hr":"0.732","VOL1 m3":"000017.7","FR2 m3\/hr":"43.92","VOL2 m3":"000070.4","LVL1 m":"05.00","LVL2":"LPBR","V1":"OFF","V2":"OFF"},{"Number":"9122037229","Site":"EMBARK","Device":"NODEVICE","Date":"13-07-22","Time":"13:58:05","Status":"ASTR","COND uSm":"0001","FR1 m3\/hr":"0.732","VOL1 m3":"000017.6","FR2 m3\/hr":"43.92","VOL2 m3":"000065.9","LVL1 m":"05.00","LVL2":"LPBR","V1":"OFF","V2":"OFF"},{"Number":"9122037229","Site":"EMBARK","Device":"NODEVICE","Date":"13-07-22","Time":"13:55:05","Status":"ASTR","COND uSm":"0001","FR1 m3\/hr":"0.732","VOL1 m3":"000017.5","FR2 m3\/hr":"43.92","VOL2 m3":"000063.7","LVL1 m":"05.00","LVL2":"LPBR","V1":"OFF","V2":"OFF"},{"Number":"9122037229","Site":"EMBARK","Device":"NODEVICE","Date":"13-07-22","Time":"13:52:06","Status":"ASTR","COND uSm":"0000","FR1 m3\/hr":"0.732","VOL1 m3":"000017.5","FR2 m3\/hr":"43.92","VOL2 m3":"000061.5","LVL1 m":"05.00","LVL2":"LPBR","V1":"OFF","V2":"OFF"},{"Number":"9122037229","Site":"EMBARK","Device":"NODEVICE","Date":"13-07-22","Time":"13:49:06","Status":"ASTR","COND uSm":"0000","FR1 m3\/hr":"0.732","VOL1 m3":"000017.5","FR2 m3\/hr":"43.92","VOL2 m3":"000059.2","LVL1 m":"05.00","LVL2":"LPBR","V1":"OFF","V2":"OFF"},{"Number":"9122037229","Site":"EMBARK","Device":"NODEVICE","Date":"13-07-22","Time":"13:46:05","Status":"ASTR","COND uSm":"0001","FR1 m3\/hr":"0.732","VOL1 m3":"000017.4","FR2 m3\/hr":"43.92","VOL2 m3":"000057.0","LVL1 m":"05.00","LVL2":"LPBR","V1":"OFF","V2":"OFF"},{"Number":"9122037229","Site":"EMBARK","Device":"NODEVICE","Date":"13-07-22","Time":"13:43:05","Status":"ASTR","COND uSm":"0000","FR1 m3\/hr":"0.732","VOL1 m3":"000017.4","FR2 m3\/hr":"43.92","VOL2 m3":"000054.7","LVL1 m":"05.00","LVL2":"LPBR","V1":"OFF","V2":"OFF"},{"Number":"9122037229","Site":"EMBARK","Device":"NODEVICE","Date":"13-07-22","Time":"13:40:05","Status":"ASTR","COND uSm":"0001","FR1 m3\/hr":"0.732","VOL1 m3":"000017.4","FR2 m3\/hr":"43.92","VOL2 m3":"000052.5","LVL1 m":"05.00","LVL2":"LPBR","V1":"OFF","V2":"OFF"},{"Number":"9122037229","Site":"EMBARK","Device":"NODEVICE","Date":"13-07-22","Time":"13:37:05","Status":"ASTR","COND uSm":"0000","FR1 m3\/hr":"0.732","VOL1 m3":"000017.3","FR2 m3\/hr":"43.92","VOL2 m3":"000050.3","LVL1 m":"05.00","LVL2":"LPBR","V1":"OFF","V2":"OFF"},{"Number":"9122037229","Site":"EMBARK","Device":"NODEVICE","Date":"13-07-22","Time":"13:34:05","Status":"ASTR","COND uSm":"0000","FR1 m3\/hr":"0.732","VOL1 m3":"000017.3","FR2 m3\/hr":"43.92","VOL2 m3":"000048.0","LVL1 m":"05.00","LVL2":"LPBR","V1":"OFF","V2":"OFF"},{"Number":"9122037229","Site":"EMBARK","Device":"NODEVICE","Date":"13-07-22","Time":"13:31:06","Status":"ASTR","COND uSm":"0000","FR1 m3\/hr":"0.732","VOL1 m3":"000017.2","FR2 m3\/hr":"43.92","VOL2 m3":"000045.8","LVL1 m":"05.00","LVL2":"LPBR","V1":"OFF","V2":"OFF"},{"Number":"9122037229","Site":"EMBARK","Device":"NODEVICE","Date":"13-07-22","Time":"13:28:05","Status":"ASTR","COND uSm":"0001","FR1 m3\/hr":"0.732","VOL1 m3":"000017.2","FR2 m3\/hr":"43.92","VOL2 m3":"000043.5","LVL1 m":"05.00","LVL2":"LPBR","V1":"OFF","V2":"OFF"},{"Number":"9122037229","Site":"EMBARK","Device":"NODEVICE","Date":"13-07-22","Time":"13:25:05","Status":"ASTR","COND uSm":"0001","FR1 m3\/hr":"0.732","VOL1 m3":"000017.2","FR2 m3\/hr":"43.92","VOL2 m3":"000041.3","LVL1 m":"05.00","LVL2":"LPBR","V1":"OFF","V2":"OFF"},{"Number":"9122037229","Site":"EMBARK","Device":"NODEVICE","Date":"13-07-22","Time":"13:22:05","Status":"ASTR","COND uSm":"0001","FR1 m3\/hr":"0.732","VOL1 m3":"000017.1","FR2 m3\/hr":"43.92","VOL2 m3":"000039.1","LVL1 m":"05.00","LVL2":"LPBR","V1":"OFF","V2":"OFF"},{"Number":"9122037229","Site":"EMBARK","Device":"NODEVICE","Date":"13-07-22","Time":"13:19:05","Status":"ASTR","COND uSm":"0001","FR1 m3\/hr":"0.732","VOL1 m3":"000017.1","FR2 m3\/hr":"43.92","VOL2 m3":"000036.8","LVL1 m":"05.00","LVL2":"LPBR","V1":"OFF","V2":"OFF"},{"Number":"9122037229","Site":"EMBARK","Device":"NODEVICE","Date":"13-07-22","Time":"13:16:06","Status":"ASTR","COND uSm":"0000","FR1 m3\/hr":"0.732","VOL1 m3":"000017.1","FR2 m3\/hr":"43.92","VOL2 m3":"000034.6","LVL1 m":"05.00","LVL2":"LPBR","V1":"OFF","V2":"OFF"},{"Number":"9122037229","Site":"EMBARK","Device":"NODEVICE","Date":"13-07-22","Time":"13:13:06","Status":"ASTR","COND uSm":"0001","FR1 m3\/hr":"0.732","VOL1 m3":"000017.0","FR2 m3\/hr":"43.92","VOL2 m3":"000032.3","LVL1 m":"05.00","LVL2":"LPBR","V1":"OFF","V2":"OFF"},{"Number":"9122037229","Site":"EMBARK","Device":"NODEVICE","Date":"13-07-22","Time":"13:10:05","Status":"ASTR","COND uSm":"0000","FR1 m3\/hr":"0.732","VOL1 m3":"000017.0","FR2 m3\/hr":"43.92","VOL2 m3":"000030.1","LVL1 m":"05.00","LVL2":"LPBR","V1":"OFF","V2":"OFF"},{"Number":"9122037229","Site":"EMBARK","Device":"NODEVICE","Date":"13-07-22","Time":"13:07:06","Status":"ASTR","COND uSm":"0000","FR1 m3\/hr":"0.732","VOL1 m3":"000016.9","FR2 m3\/hr":"43.92","VOL2 m3":"000027.9","LVL1 m":"05.00","LVL2":"LPBR","V1":"OFF","V2":"OFF"},{"Number":"9122037229","Site":"EMBARK","Device":"NODEVICE","Date":"13-07-22","Time":"13:04:05","Status":"ASTR","COND uSm":"0000","FR1 m3\/hr":"0.732","VOL1 m3":"000016.9","FR2 m3\/hr":"43.92","VOL2 m3":"000025.6","LVL1 m":"05.00","LVL2":"LPBR","V1":"OFF","V2":"OFF"},{"Number":"9122037229","Site":"EMBARK","Device":"NODEVICE","Date":"13-07-22","Time":"13:01:06","Status":"ASTR","COND uSm":"0000","FR1 m3\/hr":"0.732","VOL1 m3":"000016.9","FR2 m3\/hr":"43.92","VOL2 m3":"000023.4","LVL1 m":"05.00","LVL2":"LPBR","V1":"OFF","V2":"OFF"},{"Number":"9122037229","Site":"EMBARK","Device":"NODEVICE","Date":"13-07-22","Time":"12:58:05","Status":"ASTR","COND uSm":"0001","FR1 m3\/hr":"0.732","VOL1 m3":"000016.8","FR2 m3\/hr":"43.92","VOL2 m3":"000021.1","LVL1 m":"05.00","LVL2":"LPBR","V1":"OFF","V2":"OFF"},{"Number":"9122037229","Site":"EMBARK","Device":"NODEVICE","Date":"13-07-22","Time":"12:55:05","Status":"ASTR","COND uSm":"0001","FR1 m3\/hr":"0.732","VOL1 m3":"000016.8","FR2 m3\/hr":"43.92","VOL2 m3":"000018.9","LVL1 m":"05.00","LVL2":"LPBR","V1":"OFF","V2":"OFF"},{"Number":"9122037229","Site":"EMBARK","Device":"NODEVICE","Date":"13-07-22","Time":"12:52:05","Status":"ASTR","COND uSm":"0000","FR1 m3\/hr":"0.732","VOL1 m3":"000016.8","FR2 m3\/hr":"43.92","VOL2 m3":"000016.7","LVL1 m":"05.00","LVL2":"LPBR","V1":"OFF","V2":"OFF"},{"Number":"9122037229","Site":"EMBARK","Device":"NODEVICE","Date":"13-07-22","Time":"12:49:05","Status":"ASTR","COND uSm":"0001","FR1 m3\/hr":"0.732","VOL1 m3":"000016.7","FR2 m3\/hr":"43.92","VOL2 m3":"000014.4","LVL1 m":"05.00","LVL2":"LPBR","V1":"OFF","V2":"OFF"},{"Number":"9122037229","Site":"EMBARK","Device":"NODEVICE","Date":"13-07-22","Time":"12:46:05","Status":"ASTR","COND uSm":"0001","FR1 m3\/hr":"0.732","VOL1 m3":"000016.7","FR2 m3\/hr":"43.92","VOL2 m3":"000012.2","LVL1 m":"05.00","LVL2":"LPBR","V1":"OFF","V2":"OFF"},{"Number":"9122037229","Site":"EMBARK","Device":"NODEVICE","Date":"13-07-22","Time":"12:43:05","Status":"ASTR","COND uSm":"0001","FR1 m3\/hr":"0.732","VOL1 m3":"000016.6","FR2 m3\/hr":"43.92","VOL2 m3":"000009.9","LVL1 m":"05.00","LVL2":"LPBR","V1":"OFF","V2":"OFF"},{"Number":"9122037229","Site":"EMBARK","Device":"NODEVICE","Date":"13-07-22","Time":"12:40:05","Status":"ASTR","COND uSm":"0000","FR1 m3\/hr":"0.732","VOL1 m3":"000016.6","FR2 m3\/hr":"43.92","VOL2 m3":"000007.7","LVL1 m":"05.00","LVL2":"LPBR","V1":"OFF","V2":"OFF"},{"Number":"9122037229","Site":"EMBARK","Device":"NODEVICE","Date":"13-07-22","Time":"12:37:05","Status":"ASTR","COND uSm":"0001","FR1 m3\/hr":"0.732","VOL1 m3":"000016.6","FR2 m3\/hr":"43.92","VOL2 m3":"000005.5","LVL1 m":"04.99","LVL2":"LPBR","V1":"OFF","V2":"OFF"},{"Number":"9122037229","Site":"EMBARK","Device":"NODEVICE","Date":"13-07-22","Time":"12:34:29","Status":"ASTR","COND uSm":"0001","FR1 m3\/hr":"0.732","VOL1 m3":"000016.5","FR2 m3\/hr":"43.92","VOL2 m3":"000003.5","LVL1 m":"05.00","LVL2":"LPBR","V1":"OFF","V2":"OFF"}]}}}